episode,reward
1,-346.04
2,-322.24
3,-321.86
4,-349.65
5,-317.08
6,-308.46
7,-334.17
8,-283.17
9,-348.27
10,-300.84
11,-296.08
12,-306.84
13,-331.24
14,-330.24
15,-274.39
16,-319.27
17,-331.53
18,-309.88
19,-277.54
20,-276.69
21,-339.54
22,-324.46
23,-263.65
24,-316.92
25,-292.21
26,-318.69
27,-276.09
28,-274.51
29,-302.22
30,-325.68
31,-331.76
32,-298.03
33,-309.14
34,-307.80
35,-313.24
36,-282.54
37,-275.16
38,-310.55
39,-299.29
40,-296.09
41,-340.73
42,-300.94
43,-347.86
44,-258.26
45,-309.94
46,-303.51
47,-286.48
48,-293.27
49,-304.38
50,-291.40
51,-319.28
52,-282.80
53,-267.59
54,-281.65
55,-290.44
56,-274.86
57,-316.18
58,-298.20
59,-276.97
60,-266.30
61,-274.26
62,-294.61
63,-308.07
64,-258.01
65,-339.26
66,-296.32
67,-265.40
68,-264.58
69,-301.99
70,-284.82
71,-259.90
72,-305.76
73,-276.31
74,-249.65
75,-254.87
76,-276.69
77,-276.30
78,-279.55
79,-298.22
80,-290.37
81,-303.73
82,-259.28
83,-283.86
84,-287.80
85,-267.20
86,-279.23
87,-295.22
88,-296.74
89,-258.96
90,-263.66
91,-262.86
92,-278.02
93,-245.88
94,-263.78
95,-246.82
96,-270.83
97,-253.94
98,-255.13
99,-257.39
100,-249.77
101,-250.05
102,-253.11
103,-286.80
104,-250.68
105,-272.62
106,-312.84
107,-257.75
108,-250.78
109,-250.98
110,-248.56
111,-229.20
112,-246.62
113,-249.89
114,-313.12
115,-248.60
116,-322.77
117,-237.29
118,-268.34
119,-250.79
120,-292.87
121,-280.93
122,-259.18
123,-272.99
124,-281.31
125,-236.27
126,-250.90
127,-252.82
128,-252.89
129,-246.49
130,-250.13
131,-260.23
132,-245.86
133,-227.23
134,-297.70
135,-249.16
136,-279.22
137,-266.42
138,-248.74
139,-263.66
140,-234.86
141,-225.13
142,-245.14
143,-260.77
144,-308.00
145,-232.64
146,-233.63
147,-283.60
148,-233.87
149,-240.62
150,-245.17
151,-267.38
152,-298.70
153,-250.67
154,-248.71
155,-284.37
156,-271.32
157,-289.73
158,-195.30
159,-239.75
160,-318.92
161,-264.11
162,-245.48
163,-260.86
164,-236.91
165,-253.06
166,-293.78
167,-307.38
168,-210.22
169,-221.00
170,-291.35
171,-222.16
172,-261.45
173,-297.76
174,-237.99
175,-238.82
176,-242.56
177,-277.55
178,-236.97
179,-212.26
180,-187.01
181,-244.86
182,-211.97
183,-184.38
184,-208.90
185,-234.81
186,-225.65
187,-193.94
188,-166.53
189,-239.17
190,-225.00
191,-263.91
192,-167.01
193,-204.15
194,-233.39
195,-198.79
196,-267.83
197,-206.84
198,-213.22
199,-250.62
200,-190.65
201,-225.73
202,-211.02
203,-184.77
204,-244.32
205,-231.82
206,-253.97
207,-174.00
208,-168.84
209,-232.97
210,-190.67
211,-217.72
212,-229.05
213,-204.25
214,-227.10
215,-197.33
216,-224.59
217,-188.07
218,-155.41
219,-202.59
220,-217.10
221,-172.19
222,-191.34
223,-227.97
224,-197.32
225,-180.92
226,-177.45
227,-163.84
228,-194.59
229,-207.70
230,-222.43
231,-149.86
232,-210.50
233,-123.63
234,-225.37
235,-208.74
236,-231.92
237,-189.61
238,-207.42
239,-221.11
240,-203.02
241,-189.62
242,-191.98
243,-156.95
244,-131.71
245,-208.48
246,-157.99
247,-184.76
248,-200.11
249,-214.01
250,-200.85
251,-208.94
252,-172.35
253,-221.68
254,-157.30
255,-173.99
256,-210.98
257,-161.00
258,-209.12
259,-156.94
260,-194.07
261,-193.96
262,-203.37
263,-209.02
264,-203.03
265,-202.82
266,-191.67
267,-197.41
268,-191.57
269,-201.98
270,-192.00
271,-202.41
272,-214.53
273,-193.53
274,-207.68
275,-205.45
276,-207.56
277,-196.69
278,-200.87
279,-190.99
280,-191.15
281,-195.58
282,-204.27
283,-200.96
284,-190.83
285,-200.10
286,-198.24
287,-212.76
288,-187.01
289,-192.09
290,-193.79
291,-191.60
292,-205.20
293,-251.29
294,-192.89
295,-206.62
296,-185.69
297,-257.80
298,-267.01
299,-204.49
300,-256.88
301,-242.72
302,-192.20
303,-154.10
304,-168.60
305,-207.52
306,-191.56
307,-192.03
308,-197.24
309,-190.63
310,-173.84
311,-235.00
312,-189.71
313,-190.93
314,-253.38
315,-184.11
316,-143.46
317,-187.17
318,-191.82
319,-154.26
320,-160.74
321,-185.13
322,-165.58
323,-140.52
324,-189.59
325,-230.03
326,-247.90
327,-227.86
328,-165.91
329,-242.60
330,-254.06
331,-241.69
332,-247.03
333,-253.59
334,-233.30
335,-236.88
336,-217.10
337,-181.68
338,-200.60
339,-186.60
340,-226.36
341,-261.61
342,-241.74
343,-195.75
344,-133.01
345,-211.56
346,-239.46
347,-239.76
348,-134.89
349,-230.98
350,-138.36
351,-249.48
352,-164.15
353,-244.47
354,-229.02
355,-213.97
356,-181.94
357,-189.88
358,-114.77
359,-231.15
360,-178.41
361,-204.17
362,-224.49
363,-214.62
364,-248.94
365,-186.95
366,-122.30
367,-200.33
368,-209.79
369,-186.57
370,-209.61
371,-170.09
372,-194.28
373,-220.05
374,-149.03
375,-170.86
376,-222.39
377,-230.59
378,-144.50
379,-170.92
380,-192.74
381,-198.41
382,-212.59
383,-198.24
384,-234.47
385,-151.66
386,-161.19
387,-255.36
388,-206.16
389,-197.72
390,-188.39
391,-240.30
392,-142.19
393,-207.37
394,-214.25
395,-192.84
396,-117.34
397,-117.25
398,-222.31
399,-208.85
400,-206.08
401,-202.57
402,-162.35
403,-222.58
404,-226.27
405,-191.97
406,-235.86
407,-118.31
408,-228.65
409,-160.20
410,-127.24
411,-158.96
412,-152.85
413,-232.59
414,-192.13
415,-132.42
416,-143.50
417,-196.36
418,-176.56
419,-152.90
420,-102.61
421,-127.39
422,-191.73
423,-112.37
424,-99.82
425,37.68
426,-121.51
427,-191.74
428,-191.02
429,-123.70
430,-191.18
431,-172.35
432,-191.42
433,-191.68
434,-142.09
435,-106.38
436,-147.26
437,-195.16
438,39.15
439,-196.17
440,-171.02
441,78.27
442,-194.64
443,-124.00
444,-183.73
445,-196.62
446,-174.41
447,-110.21
448,-198.33
449,-193.28
450,-195.62
451,-198.49
452,-198.20
453,-194.62
454,-195.01
455,-194.20
456,-195.60
457,-194.44
458,-188.03
459,-192.97
460,-181.34
461,-193.93
462,-196.16
463,-195.92
464,-106.53
465,-123.98
466,-113.00
467,-193.93
468,-195.92
469,-191.63
470,-194.47
471,-194.98
472,-191.50
473,-194.24
474,-194.54
475,-192.96
476,-193.56
477,-191.25
478,-191.58
479,-191.24
480,-191.71
481,-110.00
482,-189.61
483,-193.08
484,-193.14
485,78.02
486,-190.36
487,61.18
488,-192.80
489,87.91
490,-192.72
491,-190.47
492,-193.11
493,-190.41
494,-193.19
495,-191.11
496,-191.28
497,-190.42
498,98.26
499,-191.81
500,-191.01
501,109.29
502,-110.61
503,-189.91
504,82.89
505,-189.74
506,-189.89
507,-190.23
508,-189.26
509,99.53
510,-189.21
511,116.36
512,72.23
513,-190.51
514,87.57
515,94.06
516,-186.70
517,90.20
518,-188.54
519,-186.45
520,-187.00
521,-188.92
522,-187.49
523,-168.92
524,-183.84
525,-185.51
526,-180.45
527,-108.18
528,73.29
529,-117.67
530,-96.38
531,-169.34
532,-112.43
533,100.55
534,69.29
535,-111.09
536,31.64
537,60.04
538,67.43
539,59.23
540,35.35
541,113.28
542,56.91
543,86.98
544,60.38
545,86.41
546,100.59
547,-111.34
548,-101.83
549,95.05
550,85.01
551,87.58
552,100.63
553,76.09
554,74.53
555,125.03
556,96.34
557,94.02
558,-146.89
559,-109.11
560,104.01
561,78.05
562,84.66
563,-110.88
564,86.52
565,89.10
566,84.40
567,-110.18
568,-111.21
569,124.26
570,122.11
571,78.05
572,78.94
573,-109.17
574,-106.00
575,101.29
576,-131.43
577,86.51
578,111.01
579,89.75
580,107.00
581,113.51
582,93.29
583,100.09
584,87.68
585,-114.34
586,118.07
587,103.35
588,-119.12
589,110.66
590,99.22
591,98.06
592,103.62
593,100.05
594,95.18
595,-109.08
596,100.41
597,100.38
598,116.14
599,103.87
600,103.44
601,127.38
602,103.13
603,99.87
604,103.60
605,148.29
606,89.02
607,112.46
608,112.17
609,85.20
610,102.25
611,116.43
612,76.62
613,117.81
614,110.30
615,95.16
616,93.02
617,124.10
618,121.42
619,117.40
620,145.02
621,140.33
622,117.98
623,98.47
624,108.93
625,109.76
626,125.45
627,121.69
628,113.26
629,119.49
630,102.59
631,111.80
632,-109.28
633,127.27
634,114.28
635,122.08
636,116.12
637,108.84
638,120.07
639,107.78
640,127.33
641,132.49
642,118.22
643,116.43
644,111.30
645,127.01
646,109.83
647,108.29
648,-93.12
649,109.18
650,106.06
651,113.21
652,124.57
653,112.04
654,110.29
655,-88.82
656,124.96
657,126.24
658,112.81
659,110.50
660,121.26
661,-92.98
662,107.06
663,-217.21
664,122.92
665,-91.95
666,-90.87
667,119.38
668,119.84
669,115.72
670,119.57
671,123.35
672,113.80
673,129.45
674,132.01
675,123.36
676,129.91
677,120.39
678,124.13
679,131.20
680,121.77
681,133.81
682,140.93
683,135.15
684,132.77
685,125.27
686,136.39
687,144.28
688,140.13
689,135.57
690,138.90
691,139.51
692,139.75
693,133.58
694,133.46
695,130.83
696,128.02
697,137.36
698,134.16
699,128.71
700,134.19
701,134.00
702,134.64
703,137.63
704,138.37
705,133.67
706,136.25
707,133.48
708,141.63
709,137.84
710,134.82
711,142.71
712,133.67
713,139.12
714,132.35
715,136.94
716,133.62
717,138.34
718,135.17
719,129.15
720,136.08
721,132.34
722,135.55
723,138.44
724,138.50
725,145.48
726,136.66
727,144.52
728,135.29
729,140.67
730,138.83
731,134.99
732,144.46
733,136.26
734,131.21
735,144.45
736,136.30
737,140.61
738,141.89
739,140.47
740,136.50
741,140.44
742,134.07
743,139.44
744,146.26
745,138.41
746,138.06
747,139.12
748,135.47
749,141.45
750,143.74
751,140.15
752,134.67
753,141.47
754,143.27
755,148.05
756,139.48
757,143.43
758,139.18
759,130.41
760,142.16
761,138.41
762,141.21
763,143.06
764,135.04
765,135.34
766,143.58
767,134.77
768,139.82
769,133.22
770,139.29
771,127.90
772,145.10
773,141.56
774,138.80
775,144.07
776,135.80
777,139.54
778,140.38
779,140.75
780,142.34
781,138.07
782,142.67
783,147.36
784,140.88
785,143.50
786,139.38
787,140.08
788,140.31
789,147.04
790,138.73
791,146.02
792,129.37
793,139.24
794,134.01
795,144.43
796,136.27
797,137.58
798,145.58
799,131.07
800,143.91
801,134.71
802,137.18
803,137.47
804,144.10
805,137.42
806,142.45
807,144.58
808,142.56
809,144.11
810,143.69
811,141.52
812,141.45
813,135.38
814,138.07
815,136.14
816,142.41
817,145.48
818,143.11
819,146.13
820,141.58
821,146.66
822,136.40
823,143.34
824,146.69
825,145.02
826,137.48
827,138.80
828,142.18
829,139.19
830,138.61
831,142.05
832,140.38
833,147.38
834,140.06
835,143.36
836,147.57
837,139.42
838,142.11
839,144.24
840,141.01
841,138.36
842,142.85
843,138.44
844,147.47
845,139.45
846,142.03
847,139.07
848,140.52
849,144.28
850,143.46
851,140.85
852,143.98
853,145.56
854,147.76
855,142.11
856,138.49
857,143.78
858,140.58
859,141.69
860,134.15
861,144.51
862,148.02
863,146.93
864,142.41
865,145.22
866,139.38
867,140.21
868,144.02
869,141.20
870,135.15
871,141.53
872,141.04
873,144.50
874,146.31
875,136.43
876,142.23
877,139.59
878,146.32
879,144.25
880,140.37
881,145.69
882,143.51
883,141.42
884,141.62
885,143.13
886,144.62
887,134.67
888,136.12
889,-88.73
890,149.78
891,129.65
892,137.00
893,142.93
894,-89.87
895,-97.59
896,148.93
897,-87.98
898,-85.98
899,139.58
900,143.26
901,-86.64
902,-96.63
903,-98.16
904,143.12
905,-128.61
906,133.32
907,142.41
908,139.90
909,139.02
910,145.61
911,142.25
912,142.22
913,142.85
914,141.12
915,140.32
916,-97.56
917,142.37
918,139.68
919,-136.86
920,143.19
921,140.23
922,144.25
923,142.54
924,139.11
925,141.03
926,134.26
927,146.97
928,150.59
929,143.70
930,137.32
931,143.69
932,141.66
933,140.71
934,136.80
935,146.18
936,137.15
937,139.31
938,146.43
939,146.19
940,144.09
941,139.21
942,146.85
943,137.61
944,148.07
945,139.53
946,145.21
947,142.10
948,144.48
949,137.51
950,149.03
951,143.14
952,147.83
953,138.57
954,138.81
955,139.03
956,148.86
957,139.65
958,150.37
959,133.88
960,145.21
961,149.08
962,144.22
963,140.15
964,-143.75
965,141.92
966,154.55
967,-138.94
968,-144.55
969,-150.41
970,-150.99
971,-94.27
972,-93.03
973,-150.38
974,-154.04
975,-94.23
976,148.24
977,-144.85
978,145.01
979,-145.46
980,-145.27
981,149.05
982,-91.06
983,143.73
984,-122.25
985,151.20
986,-125.01
987,-108.71
988,-113.12
989,96.47
990,-121.47
991,-117.20
992,-113.60
993,145.01
994,129.90
995,145.06
996,144.09
997,145.16
998,150.21
999,144.34
1000,149.29
